{"cameraMode":{"drawMode":0,"name":"Shaded","section":"Shading Mode"},"sceneLighting":true,"audioPlay":false,"sceneViewState":{"showFog":false,"showMaterialUpdate":false,"showSkybox":false,"showFlares":false,"showImageEffects":false,"showParticleSystems":false},"in2DMode":false,"pivot":{"x":5.860238552093506,"y":3.6743760108947756,"z":0.6025524139404297},"rotation":{"x":0.1727597713470459,"y":0.7477594614028931,"z":-0.21372467279434205,"w":0.6044314503669739},"size":18.980876922607423,"orthographic":false}